month,year,lat_range,adult_sight_dates,adult_sight_number,adult_sight_distinct_dates
1,1997,30+_TO_35,1,1,1
1,2002,25+_TO_30,5,5,4
1,2002,30+_TO_35,2,2,2
1,2002,35+_TO_40,3,3,3
1,2003,25+_TO_30,5,5,5
1,2003,30+_TO_35,3,3,3
1,2003,35+_TO_40,1,1,1
1,2004,20_OR_LESS,1,1,1
1,2004,25+_TO_30,4,4,3
1,2004,30+_TO_35,6,6,5
1,2005,20_OR_LESS,1,1,1
1,2005,25+_TO_30,10,10,7
1,2005,30+_TO_35,11,11,3
1,2005,35+_TO_40,9,9,1
1,2006,20_OR_LESS,1,1,1
1,2006,25+_TO_30,9,9,8
1,2006,30+_TO_35,17,17,8
1,2006,35+_TO_40,9,9,1
1,2007,20_OR_LESS,1,1,1
1,2007,25+_TO_30,4,4,4
1,2007,30+_TO_35,5,5,5
1,2007,35+_TO_40,1,1,1
1,2008,20_OR_LESS,2,2,1
1,2008,25+_TO_30,6,6,6
1,2008,30+_TO_35,5,5,4
1,2008,4O+_TO_45,1,1,1
1,2009,20_OR_LESS,2,2,1
1,2009,25+_TO_30,10,10,6
1,2009,30+_TO_35,15,15,6
1,2009,35+_TO_40,14,14,4
1,2010,25+_TO_30,12,13,10
1,2010,30+_TO_35,7,7,4
1,2010,35+_TO_40,4,4,2
1,2011,20_OR_LESS,2,2,1
1,2011,25+_TO_30,22,22,13
1,2011,30+_TO_35,15,15,13
1,2011,35+_TO_40,21,21,8
1,2012,20_OR_LESS,2,2,1
1,2012,25+_TO_30,55,96,27
1,2012,30+_TO_35,46,2056,21
1,2012,35+_TO_40,15,15,2
1,2013,20_OR_LESS,1,1,1
1,2013,25+_TO_30,27,27,16
1,2013,30+_TO_35,25,36,12
1,2013,35+_TO_40,9,9,3
1,2014,20+_TO_25,1,1,1
1,2014,20_OR_LESS,2,2,1
1,2014,25+_TO_30,18,18,14
1,2014,30+_TO_35,27,11108,15
1,2014,35+_TO_40,7,93361,3
1,2014,4O+_TO_45,1,1,1
1,2015,20_OR_LESS,3,3,2
1,2015,25+_TO_30,33,33,23
1,2015,30+_TO_35,27,7809,16
1,2015,35+_TO_40,13,127355,5
1,2015,4O+_TO_45,1,8,1
1,2016,20_OR_LESS,4,20,2
1,2016,25+_TO_30,35,69,19
1,2016,30+_TO_35,16,233,13
1,2016,35+_TO_40,8,88105,3
1,2016,4O+_TO_45,1,1,1
1,2017,20+_TO_25,4,18,4
1,2017,20_OR_LESS,2,2,2
1,2017,25+_TO_30,43,78,23
1,2017,30+_TO_35,30,36,18
1,2017,35+_TO_40,11,75459,5
1,2018,20+_TO_25,2,301,2
1,2018,20_OR_LESS,1,1,1
1,2018,25+_TO_30,3,12,3
1,2018,30+_TO_35,6,10106,5
1,2018,35+_TO_40,5,56386,2
1,2019,20+_TO_25,1,1,1
1,2019,20_OR_LESS,1,1,1
1,2019,25+_TO_30,1,3,1
1,2019,30+_TO_35,7,17,4
1,2020,25+_TO_30,27,41,20
1,2020,30+_TO_35,27,32,18
1,2020,35+_TO_40,3,3,3
2,1997,25+_TO_30,9,9,7
2,2001,30+_TO_35,1,1,1
2,2002,25+_TO_30,23,23,13
2,2002,30+_TO_35,11,11,8
2,2002,35+_TO_40,4,4,4
2,2003,25+_TO_30,17,17,13
2,2003,30+_TO_35,4,4,3
2,2003,35+_TO_40,7,7,3
2,2004,20_OR_LESS,1,1,1
2,2004,25+_TO_30,9,9,8
2,2004,30+_TO_35,2,2,2
2,2005,25+_TO_30,5,5,5
2,2005,30+_TO_35,2,2,2
2,2006,25+_TO_30,12,12,8
2,2006,30+_TO_35,4,4,3
2,2006,35+_TO_40,2,2,2
2,2007,25+_TO_30,6,6,6
2,2007,30+_TO_35,4,4,3
2,2008,25+_TO_30,17,17,13
2,2008,30+_TO_35,10,10,9
2,2009,20_OR_LESS,2,2,2
2,2009,25+_TO_30,36,36,13
2,2009,30+_TO_35,10,10,8
2,2010,20_OR_LESS,1,1,1
2,2010,25+_TO_30,10,10,7
2,2010,30+_TO_35,1,1,1
2,2010,35+_TO_40,7,9,4
2,2011,25+_TO_30,19,19,12
2,2011,30+_TO_35,13,13,11
2,2011,35+_TO_40,6,6,6
2,2012,20+_TO_25,1,10,1
2,2012,20_OR_LESS,2,2,2
2,2012,25+_TO_30,23,23,15
2,2012,30+_TO_35,12,12,7
2,2012,35+_TO_40,1,1,1
2,2013,20_OR_LESS,2,2,2
2,2013,25+_TO_30,39,39,22
2,2013,30+_TO_35,35,35,21
2,2013,35+_TO_40,5,5,4
2,2014,20+_TO_25,1,1,1
2,2014,25+_TO_30,18,18,12
2,2014,30+_TO_35,13,13,10
2,2014,35+_TO_40,2,2,1
2,2014,45+_TO_50,1,1,1
2,2015,20+_TO_25,1,1,1
2,2015,25+_TO_30,38,38,19
2,2015,30+_TO_35,12,12,9
2,2015,35+_TO_40,5,5,5
2,2016,20+_TO_25,2,7,2
2,2016,20_OR_LESS,2,101,2
2,2016,25+_TO_30,34,70,17
2,2016,30+_TO_35,27,59,14
2,2016,35+_TO_40,13,2568,10
2,2017,20_OR_LESS,2,10001,2
2,2017,25+_TO_30,40,58,20
2,2017,30+_TO_35,46,72,21
2,2017,35+_TO_40,7,77,7
2,2018,20+_TO_25,2,5,2
2,2018,20_OR_LESS,3,101200,3
2,2018,25+_TO_30,40,76,22
2,2018,30+_TO_35,23,35,15
2,2018,35+_TO_40,8,49,5
2,2019,20+_TO_25,3,5,3
2,2019,20_OR_LESS,1,5000,1
2,2019,25+_TO_30,19,63,13
2,2019,30+_TO_35,3,3,3
2,2019,35+_TO_40,1,1,1
2,2020,20+_TO_25,4,8,4
2,2020,20_OR_LESS,1,1,1
2,2020,25+_TO_30,57,88,26
2,2020,30+_TO_35,37,56,18
2,2020,35+_TO_40,3,5,3
3,1996,35+_TO_40,1,1,1
3,1997,25+_TO_30,27,27,18
3,1997,30+_TO_35,36,36,18
3,1997,35+_TO_40,10,10,4
3,1997,4O+_TO_45,1,1,1
3,2002,25+_TO_30,2,2,2
3,2004,25+_TO_30,5,5,3
3,2004,30+_TO_35,1,1,1
3,2005,25+_TO_30,6,6,6
3,2005,30+_TO_35,3,3,3
3,2006,25+_TO_30,7,7,7
3,2006,30+_TO_35,6,6,6
3,2008,25+_TO_30,5,5,4
3,2008,30+_TO_35,1,1,1
3,2009,25+_TO_30,2,2,2
3,2009,30+_TO_35,1,1,1
3,2009,35+_TO_40,1,1,1
3,2009,4O+_TO_45,1,2,1
3,2010,25+_TO_30,1,1,1
3,2010,30+_TO_35,1,1,1
3,2011,25+_TO_30,2,2,2
3,2011,30+_TO_35,2,2,2
3,2011,35+_TO_40,5,5,4
3,2012,25+_TO_30,8,8,7
3,2012,30+_TO_35,3,4,3
3,2013,25+_TO_30,2,2,1
3,2013,35+_TO_40,1,1,1
3,2014,25+_TO_30,1,1,1
3,2015,20_OR_LESS,1,1,1
3,2015,25+_TO_30,7,7,6
3,2015,30+_TO_35,4,4,4
3,2015,4O+_TO_45,2,6,1
3,2016,20+_TO_25,2,5,2
3,2016,20_OR_LESS,1,1,1
3,2016,25+_TO_30,62,132,28
3,2016,30+_TO_35,54,83,23
3,2016,35+_TO_40,5,13,5
3,2017,20+_TO_25,3,26,3
3,2017,20_OR_LESS,1,5,1
3,2017,25+_TO_30,40,71,19
3,2017,30+_TO_35,76,138,26
3,2017,35+_TO_40,9,9,7
3,2018,20+_TO_25,28,19122,12
3,2018,20_OR_LESS,4,19122,3
3,2018,25+_TO_30,123,347,31
3,2018,30+_TO_35,145,530,25
3,2018,35+_TO_40,4,6,4
3,2019,20+_TO_25,12,441,8
3,2019,20_OR_LESS,2,2,2
3,2019,25+_TO_30,159,522,30
3,2019,30+_TO_35,238,951,29
3,2019,35+_TO_40,6,7,6
3,2019,4O+_TO_45,1,1,1
3,2020,20_OR_LESS,7,7,5
3,2020,25+_TO_30,174,330,30
3,2020,30+_TO_35,316,1782,31
3,2020,35+_TO_40,12,14,8
4,1997,25+_TO_30,1,1,1
4,1997,30+_TO_35,19,27,11
4,1997,35+_TO_40,76,77,24
4,1997,4O+_TO_45,16,16,9
4,2002,30+_TO_35,2,2,1
4,2003,30+_TO_35,1,1,1
4,2003,4O+_TO_45,1,1,1
4,2011,20_OR_LESS,1,1,1
4,2011,30+_TO_35,2,4,2
4,2014,25+_TO_30,1,1,1
4,2014,4O+_TO_45,2,7,1
4,2016,20+_TO_25,6,16,5
4,2016,20_OR_LESS,1,7,1
4,2016,25+_TO_30,52,110,24
4,2016,30+_TO_35,118,252,28
4,2016,35+_TO_40,9,14,7
4,2016,4O+_TO_45,1,1,1
4,2017,25+_TO_30,127,284,30
4,2017,30+_TO_35,182,397,30
4,2017,35+_TO_40,239,2628,27
4,2017,4O+_TO_45,17,36,13
4,2018,20+_TO_25,2,2,1
4,2018,25+_TO_30,55,85,24
4,2018,30+_TO_35,267,907,30
4,2018,35+_TO_40,55,71,19
4,2018,4O+_TO_45,1,1,1
4,2019,20+_TO_25,1,2,1
4,2019,20_OR_LESS,1,1,1
4,2019,25+_TO_30,80,216,29
4,2019,30+_TO_35,162,711,30
4,2019,35+_TO_40,99,116,28
4,2019,4O+_TO_45,3,3,3
4,2020,20_OR_LESS,2,2,2
4,2020,25+_TO_30,88,286,30
4,2020,30+_TO_35,188,396,29
4,2020,35+_TO_40,132,199,28
5,1997,30+_TO_35,1,1,1
5,1997,35+_TO_40,28,28,13
5,1997,45+_TO_50,6,6,4
5,1997,4O+_TO_45,62,62,25
5,2010,35+_TO_40,2,2,2
5,2010,45+_TO_50,1,1,1
5,2010,4O+_TO_45,1,1,1
5,2011,30+_TO_35,1,1,1
5,2012,30+_TO_35,1,5,1
5,2012,4O+_TO_45,1,1,1
5,2013,30+_TO_35,3,17,3
5,2013,35+_TO_40,3,5,3
5,2013,4O+_TO_45,1,1,1
5,2014,30+_TO_35,1,2,1
5,2014,35+_TO_40,3,9,3
5,2014,4O+_TO_45,4,4,4
5,2015,25+_TO_30,1,1,1
5,2015,30+_TO_35,1,24,1
5,2015,35+_TO_40,1,1,1
5,2015,45+_TO_50,1,4,1
5,2015,4O+_TO_45,2,3,2
5,2016,20+_TO_25,1,6,1
5,2016,20_OR_LESS,2,3,1
5,2016,25+_TO_30,33,61,23
5,2016,30+_TO_35,72,111,26
5,2016,35+_TO_40,46,66,18
5,2016,45+_TO_50,3,4,3
5,2016,4O+_TO_45,30,38,13
5,2017,25+_TO_30,49,81,25
5,2017,30+_TO_35,70,193,31
5,2017,35+_TO_40,73,164,28
5,2017,45+_TO_50,5,5,3
5,2017,4O+_TO_45,66,82,20
5,2018,20+_TO_25,1,2,1
5,2018,25+_TO_30,26,36,20
5,2018,30+_TO_35,135,247,30
5,2018,35+_TO_40,91,161,28
5,2018,45+_TO_50,17,25,8
5,2018,4O+_TO_45,128,179,23
5,2019,20+_TO_25,2,4,2
5,2019,25+_TO_30,41,97,24
5,2019,30+_TO_35,93,339,30
5,2019,35+_TO_40,112,172,30
5,2019,45+_TO_50,10,19,5
5,2019,4O+_TO_45,189,282,18
5,2020,20+_TO_25,1,2,1
5,2020,25+_TO_30,23,41,16
5,2020,30+_TO_35,136,229,31
5,2020,35+_TO_40,119,179,26
5,2020,45+_TO_50,16,20,6
5,2020,4O+_TO_45,94,132,18
6,1996,4O+_TO_45,1,1,1
6,1997,35+_TO_40,2,2,2
6,1997,45+_TO_50,18,18,13
6,1997,4O+_TO_45,34,34,18
6,1997,5O+_OR_GREATER,5,5,3
6,2009,4O+_TO_45,1,1,1
6,2010,35+_TO_40,1,1,1
6,2012,45+_TO_50,2,4,2
6,2012,4O+_TO_45,1,1,1
6,2013,35+_TO_40,1,1,1
6,2013,45+_TO_50,1,4,1
6,2013,4O+_TO_45,3,3,3
6,2014,30+_TO_35,1,1,1
6,2014,35+_TO_40,12,15,9
6,2014,45+_TO_50,9,14,8
6,2014,4O+_TO_45,32,39,14
6,2015,25+_TO_30,1,1,1
6,2015,35+_TO_40,3,8,3
6,2015,45+_TO_50,3,4,3
6,2015,4O+_TO_45,13,39,12
6,2016,20+_TO_25,2,6,2
6,2016,25+_TO_30,27,69,16
6,2016,30+_TO_35,41,79,20
6,2016,35+_TO_40,66,169,25
6,2016,45+_TO_50,38,51,21
6,2016,4O+_TO_45,126,177,30
6,2017,20+_TO_25,3,3,3
6,2017,25+_TO_30,25,38,19
6,2017,30+_TO_35,33,55,23
6,2017,35+_TO_40,132,174,30
6,2017,45+_TO_50,94,134,29
6,2017,4O+_TO_45,306,452,30
6,2018,25+_TO_30,12,15,9
6,2018,30+_TO_35,50,79,26
6,2018,35+_TO_40,138,291,29
6,2018,45+_TO_50,54,96,24
6,2018,4O+_TO_45,272,487,30
6,2018,5O+_OR_GREATER,3,10,3
6,2019,20+_TO_25,1,2,1
6,2019,25+_TO_30,11,17,8
6,2019,30+_TO_35,40,77,17
6,2019,35+_TO_40,176,251,30
6,2019,45+_TO_50,90,190,24
6,2019,4O+_TO_45,284,559,30
6,2019,5O+_OR_GREATER,1,12,1
6,2020,25+_TO_30,15,26,12
6,2020,30+_TO_35,79,145,29
6,2020,35+_TO_40,120,178,29
6,2020,45+_TO_50,70,120,26
6,2020,4O+_TO_45,239,374,30
6,2020,5O+_OR_GREATER,7,14,5
7,1997,45+_TO_50,5,5,5
7,1997,4O+_TO_45,2,2,2
7,2002,45+_TO_50,1,1,1
7,2009,35+_TO_40,2,4,1
7,2009,4O+_TO_45,1,1,1
7,2010,35+_TO_40,3,3,2
7,2010,4O+_TO_45,3,3,3
7,2011,35+_TO_40,1,1,1
7,2011,4O+_TO_45,6,8,5
7,2012,30+_TO_35,4,4,4
7,2012,35+_TO_40,2,16,2
7,2012,4O+_TO_45,2,3,2
7,2013,20_OR_LESS,1,1,1
7,2013,25+_TO_30,1,1,1
7,2013,30+_TO_35,5,5,2
7,2013,35+_TO_40,9,11,7
7,2013,45+_TO_50,2,3,2
7,2013,4O+_TO_45,17,23,11
7,2014,25+_TO_30,11,29,11
7,2014,30+_TO_35,53,203,26
7,2014,35+_TO_40,159,267,31
7,2014,45+_TO_50,78,153,26
7,2014,4O+_TO_45,536,876,31
7,2014,5O+_OR_GREATER,2,2,2
7,2015,20_OR_LESS,2,3,2
7,2015,25+_TO_30,13,29,10
7,2015,30+_TO_35,27,49,14
7,2015,35+_TO_40,80,114,26
7,2015,45+_TO_50,40,93,20
7,2015,4O+_TO_45,272,692,31
7,2016,25+_TO_30,18,30,12
7,2016,30+_TO_35,60,98,26
7,2016,35+_TO_40,203,455,30
7,2016,45+_TO_50,89,182,28
7,2016,4O+_TO_45,555,871,31
7,2016,5O+_OR_GREATER,6,6,4
7,2017,25+_TO_30,43,90,29
7,2017,30+_TO_35,28,124,19
7,2017,35+_TO_40,248,417,31
7,2017,45+_TO_50,172,350,31
7,2017,4O+_TO_45,795,1638,31
7,2018,25+_TO_30,17,24,14
7,2018,30+_TO_35,37,53,20
7,2018,35+_TO_40,363,602,31
7,2018,45+_TO_50,217,1397,31
7,2018,4O+_TO_45,734,2128,31
7,2018,5O+_OR_GREATER,7,16,7
7,2019,25+_TO_30,28,46,19
7,2019,30+_TO_35,29,46,17
7,2019,35+_TO_40,313,530,31
7,2019,45+_TO_50,147,472,28
7,2019,4O+_TO_45,736,2107,31
7,2019,5O+_OR_GREATER,2,3,2
7,2020,20+_TO_25,1,1,1
7,2020,20_OR_LESS,1,1,1
7,2020,25+_TO_30,7,24,6
7,2020,30+_TO_35,68,128,26
7,2020,35+_TO_40,276,420,31
7,2020,45+_TO_50,135,409,31
7,2020,4O+_TO_45,804,2395,31
7,2020,5O+_OR_GREATER,2,2,2
8,1997,30+_TO_35,2,2,2
8,1997,35+_TO_40,9,9,7
8,1997,45+_TO_50,2,2,2
8,1997,4O+_TO_45,14,14,14
8,1998,25+_TO_30,3,3,3
8,1998,30+_TO_35,6,6,5
8,1998,35+_TO_40,6,6,6
8,1998,45+_TO_50,2,2,2
8,1998,4O+_TO_45,7,7,5
8,2000,4O+_TO_45,1,1,1
8,2004,4O+_TO_45,1,1,1
8,2007,35+_TO_40,1,2,1
8,2008,4O+_TO_45,1,4,1
8,2009,25+_TO_30,1,1,1
8,2009,30+_TO_35,2,2,2
8,2009,35+_TO_40,2,2,2
8,2009,4O+_TO_45,14,14,8
8,2010,20+_TO_25,3,3,3
8,2010,20_OR_LESS,1,1,1
8,2010,25+_TO_30,22,22,16
8,2010,30+_TO_35,84,84,26
8,2010,35+_TO_40,220,220,28
8,2010,45+_TO_50,46,46,20
8,2010,4O+_TO_45,352,533,29
8,2010,5O+_OR_GREATER,3,3,3
8,2011,25+_TO_30,31,126,16
8,2011,30+_TO_35,103,357,21
8,2011,35+_TO_40,184,1253,29
8,2011,45+_TO_50,45,245,24
8,2011,4O+_TO_45,243,711,30
8,2011,5O+_OR_GREATER,1,1,1
8,2012,25+_TO_30,41,127,19
8,2012,30+_TO_35,116,293,26
8,2012,35+_TO_40,204,511,31
8,2012,45+_TO_50,38,154,20
8,2012,4O+_TO_45,407,2704,26
8,2012,5O+_OR_GREATER,15,33,14
8,2013,20+_TO_25,3,3,3
8,2013,25+_TO_30,39,70,22
8,2013,30+_TO_35,120,1294,30
8,2013,35+_TO_40,302,562,29
8,2013,45+_TO_50,55,163,26
8,2013,4O+_TO_45,526,1006,31
8,2014,20+_TO_25,1,10,1
8,2014,25+_TO_30,33,64,18
8,2014,30+_TO_35,115,282,30
8,2014,35+_TO_40,443,759,31
8,2014,45+_TO_50,83,355,26
8,2014,4O+_TO_45,617,1734,31
8,2015,20+_TO_25,1,3,1
8,2015,25+_TO_30,23,54,14
8,2015,30+_TO_35,202,376,31
8,2015,35+_TO_40,742,1781,31
8,2015,45+_TO_50,141,508,30
8,2015,4O+_TO_45,1068,3364,31
8,2015,5O+_OR_GREATER,2,4,1
8,2016,25+_TO_30,33,46,16
8,2016,30+_TO_35,156,445,30
8,2016,35+_TO_40,968,1938,31
8,2016,45+_TO_50,208,435,31
8,2016,4O+_TO_45,1477,3453,31
8,2017,20+_TO_25,1,2,1
8,2017,20_OR_LESS,1,1,1
8,2017,25+_TO_30,43,123,27
8,2017,30+_TO_35,186,346,31
8,2017,35+_TO_40,895,1918,31
8,2017,45+_TO_50,300,977,31
8,2017,4O+_TO_45,1413,4942,31
8,2017,5O+_OR_GREATER,5,7,5
8,2018,25+_TO_30,51,137,26
8,2018,30+_TO_35,227,512,30
8,2018,35+_TO_40,1250,3352,31
8,2018,45+_TO_50,308,1275,31
8,2018,4O+_TO_45,1302,6963,31
8,2018,5O+_OR_GREATER,4,7,4
8,2019,20+_TO_25,2,6,2
8,2019,20_OR_LESS,1,1,1
8,2019,25+_TO_30,22,32,11
8,2019,30+_TO_35,195,426,31
8,2019,35+_TO_40,1007,2229,31
8,2019,45+_TO_50,257,2890,31
8,2019,4O+_TO_45,1316,7161,31
8,2019,5O+_OR_GREATER,1,1,1
8,2020,20+_TO_25,2,5,2
8,2020,20_OR_LESS,2,2,2
8,2020,25+_TO_30,45,103,23
8,2020,30+_TO_35,277,473,31
8,2020,35+_TO_40,1452,2926,31
8,2020,45+_TO_50,242,1064,31
8,2020,4O+_TO_45,1355,4507,31
8,2020,5O+_OR_GREATER,6,8,6
9,1996,4O+_TO_45,2,2,1
9,1997,25+_TO_30,7,7,6
9,1997,30+_TO_35,20,20,13
9,1997,35+_TO_40,30,30,22
9,1997,45+_TO_50,6,6,5
9,1997,4O+_TO_45,72,72,29
9,1998,25+_TO_30,16,16,12
9,1998,30+_TO_35,32,32,18
9,1998,35+_TO_40,53,53,21
9,1998,45+_TO_50,2,2,2
9,1998,4O+_TO_45,155,155,29
9,1999,45+_TO_50,1,1,1
9,1999,4O+_TO_45,5,5,4
9,2000,35+_TO_40,3,3,2
9,2000,4O+_TO_45,4,4,4
9,2007,4O+_TO_45,1,1,1
9,2009,30+_TO_35,2,2,2
9,2009,35+_TO_40,1,1,1
9,2009,45+_TO_50,1,1,1
9,2009,4O+_TO_45,19,19,12
9,2010,20+_TO_25,1,1,1
9,2010,25+_TO_30,68,68,27
9,2010,30+_TO_35,191,192,30
9,2010,35+_TO_40,402,402,30
9,2010,45+_TO_50,59,59,25
9,2010,4O+_TO_45,723,796,30
9,2010,5O+_OR_GREATER,1,1,1
9,2011,20+_TO_25,3,3,3
9,2011,25+_TO_30,140,240,30
9,2011,30+_TO_35,336,1237,30
9,2011,35+_TO_40,347,1200,30
9,2011,45+_TO_50,62,179,27
9,2011,4O+_TO_45,848,4803,30
9,2012,20+_TO_25,2,38,2
9,2012,25+_TO_30,84,233,27
9,2012,30+_TO_35,279,1021,30
9,2012,35+_TO_40,383,1714,30
9,2012,45+_TO_50,33,48,18
9,2012,4O+_TO_45,639,2958,30
9,2012,5O+_OR_GREATER,4,4,4
9,2013,20+_TO_25,1,20,1
9,2013,25+_TO_30,73,176,23
9,2013,30+_TO_35,241,907,30
9,2013,35+_TO_40,480,1284,30
9,2013,45+_TO_50,59,97,23
9,2013,4O+_TO_45,801,2119,30
9,2013,5O+_OR_GREATER,1,1,1
9,2014,20+_TO_25,3,9,3
9,2014,25+_TO_30,66,152,24
9,2014,30+_TO_35,246,526,30
9,2014,35+_TO_40,523,1447,30
9,2014,45+_TO_50,166,474,28
9,2014,4O+_TO_45,1198,4294,30
9,2015,20+_TO_25,2,2,1
9,2015,20_OR_LESS,1,1,1
9,2015,25+_TO_30,88,213,27
9,2015,30+_TO_35,320,1065,30
9,2015,35+_TO_40,972,4514,30
9,2015,45+_TO_50,264,722,30
9,2015,4O+_TO_45,1940,8344,30
9,2015,5O+_OR_GREATER,1,1,1
9,2016,20+_TO_25,2,7,2
9,2016,20_OR_LESS,1,2,1
9,2016,25+_TO_30,99,222,27
9,2016,30+_TO_35,563,1659,30
9,2016,35+_TO_40,1308,4432,30
9,2016,45+_TO_50,256,539,29
9,2016,4O+_TO_45,2363,6548,30
9,2017,20+_TO_25,9,23,5
9,2017,20_OR_LESS,1,1,1
9,2017,25+_TO_30,82,267,28
9,2017,30+_TO_35,411,1044,30
9,2017,35+_TO_40,1035,2691,30
9,2017,45+_TO_50,275,698,29
9,2017,4O+_TO_45,2017,7935,30
9,2017,5O+_OR_GREATER,3,4,3
9,2018,20+_TO_25,1,2,1
9,2018,20_OR_LESS,1,1,1
9,2018,25+_TO_30,77,258,30
9,2018,30+_TO_35,376,1265,30
9,2018,35+_TO_40,1415,15125,30
9,2018,45+_TO_50,262,748,29
9,2018,4O+_TO_45,2096,10612,30
9,2018,5O+_OR_GREATER,3,3,3
9,2019,20+_TO_25,3,7,3
9,2019,20_OR_LESS,1,1,1
9,2019,25+_TO_30,39,80,21
9,2019,30+_TO_35,218,652,30
9,2019,35+_TO_40,1083,5174,30
9,2019,45+_TO_50,304,1721,30
9,2019,4O+_TO_45,2515,42795,30
9,2020,20+_TO_25,4,14,4
9,2020,20_OR_LESS,2,2,2
9,2020,25+_TO_30,62,132,23
9,2020,30+_TO_35,441,2230,30
9,2020,35+_TO_40,1256,4700,30
9,2020,45+_TO_50,176,501,27
9,2020,4O+_TO_45,1407,9936,30
9,2020,5O+_OR_GREATER,3,4,3
10,1997,25+_TO_30,12,12,12
10,1997,30+_TO_35,52,52,26
10,1997,35+_TO_40,38,38,18
10,1997,45+_TO_50,7,7,7
10,1997,4O+_TO_45,52,52,22
10,1998,20_OR_LESS,2,2,2
10,1998,25+_TO_30,40,40,20
10,1998,30+_TO_35,75,75,24
10,1998,35+_TO_40,35,35,13
10,1998,45+_TO_50,2,2,2
10,1998,4O+_TO_45,28,28,16
10,1999,30+_TO_35,6,6,6
10,1999,35+_TO_40,11,11,8
10,1999,4O+_TO_45,29,29,15
10,2000,35+_TO_40,4,4,3
10,2000,45+_TO_50,1,1,1
10,2000,4O+_TO_45,9,9,9
10,2004,30+_TO_35,1,1,1
10,2008,4O+_TO_45,1,2,1
10,2009,25+_TO_30,1,1,1
10,2009,30+_TO_35,6,6,3
10,2009,35+_TO_40,1,1,1
10,2009,45+_TO_50,1,1,1
10,2009,4O+_TO_45,5,5,5
10,2010,20+_TO_25,8,8,8
10,2010,20_OR_LESS,2,2,2
10,2010,25+_TO_30,156,156,31
10,2010,30+_TO_35,291,291,31
10,2010,35+_TO_40,179,179,31
10,2010,45+_TO_50,12,12,6
10,2010,4O+_TO_45,254,257,30
10,2011,20+_TO_25,9,13,7
10,2011,20_OR_LESS,4,28,3
10,2011,25+_TO_30,184,815,31
10,2011,30+_TO_35,359,2703,31
10,2011,35+_TO_40,319,1118,31
10,2011,45+_TO_50,32,91,13
10,2011,4O+_TO_45,600,1883,30
10,2012,20+_TO_25,4,44,4
10,2012,20_OR_LESS,2,6,2
10,2012,25+_TO_30,155,824,31
10,2012,30+_TO_35,318,1463,31
10,2012,35+_TO_40,201,704,27
10,2012,45+_TO_50,5,5,4
10,2012,4O+_TO_45,233,775,29
10,2013,20+_TO_25,9,63,6
10,2013,25+_TO_30,153,888,31
10,2013,30+_TO_35,301,1530,31
10,2013,35+_TO_40,390,1099,30
10,2013,45+_TO_50,20,28,9
10,2013,4O+_TO_45,404,909,27
10,2014,20+_TO_25,19,132,12
10,2014,20_OR_LESS,1,1,1
10,2014,25+_TO_30,185,1537,30
10,2014,30+_TO_35,547,4720,31
10,2014,35+_TO_40,590,2347,31
10,2014,45+_TO_50,32,48,19
10,2014,4O+_TO_45,527,2046,30
10,2015,20+_TO_25,18,61,12
10,2015,25+_TO_30,173,1062,31
10,2015,30+_TO_35,552,2693,31
10,2015,35+_TO_40,718,2633,30
10,2015,45+_TO_50,17,20,13
10,2015,4O+_TO_45,472,1945,29
10,2016,20+_TO_25,17,103,11
10,2016,20_OR_LESS,2,6,2
10,2016,25+_TO_30,211,987,31
10,2016,30+_TO_35,978,5280,31
10,2016,35+_TO_40,1193,3753,31
10,2016,45+_TO_50,86,156,21
10,2016,4O+_TO_45,1093,2428,31
10,2017,20+_TO_25,25,120,17
10,2017,20_OR_LESS,3,8,3
10,2017,25+_TO_30,174,924,31
10,2017,30+_TO_35,841,4338,31
10,2017,35+_TO_40,1287,4372,31
10,2017,45+_TO_50,79,116,24
10,2017,4O+_TO_45,1722,6068,31
10,2018,20+_TO_25,3,14,3
10,2018,20_OR_LESS,1,1,1
10,2018,25+_TO_30,188,1113,29
10,2018,30+_TO_35,864,4738,31
10,2018,35+_TO_40,1378,7382,31
10,2018,45+_TO_50,17,20,8
10,2018,4O+_TO_45,1116,3362,31
10,2019,20+_TO_25,5,38,5
10,2019,20_OR_LESS,2,2,2
10,2019,25+_TO_30,157,1488,29
10,2019,30+_TO_35,888,5281,31
10,2019,35+_TO_40,1016,5106,31
10,2019,45+_TO_50,54,76,17
10,2019,4O+_TO_45,1205,4683,31
10,2020,20+_TO_25,6,204,4
10,2020,20_OR_LESS,12,37,8
10,2020,25+_TO_30,135,1059,30
10,2020,30+_TO_35,727,4004,31
10,2020,35+_TO_40,948,3539,31
10,2020,45+_TO_50,18,20,8
10,2020,4O+_TO_45,581,1176,29
10,2020,5O+_OR_GREATER,1,1,1
11,1997,25+_TO_30,4,4,4
11,1997,30+_TO_35,7,7,6
11,1997,35+_TO_40,6,6,6
11,1997,4O+_TO_45,2,2,2
11,1998,25+_TO_30,6,6,6
11,1998,30+_TO_35,6,6,5
11,1998,35+_TO_40,3,3,2
11,1998,4O+_TO_45,7,7,6
11,1999,25+_TO_30,1,1,1
11,1999,30+_TO_35,1,1,1
11,1999,35+_TO_40,5,5,4
11,2000,25+_TO_30,1,1,1
11,2000,30+_TO_35,1,1,1
11,2000,4O+_TO_45,4,4,2
11,2006,35+_TO_40,1,1,1
11,2008,35+_TO_40,1,1,1
11,2008,4O+_TO_45,3,11,1
11,2009,25+_TO_30,4,4,4
11,2009,35+_TO_40,2,2,1
11,2010,20+_TO_25,3,3,3
11,2010,20_OR_LESS,1,1,1
11,2010,25+_TO_30,41,43,22
11,2010,30+_TO_35,62,62,22
11,2010,35+_TO_40,11,11,8
11,2010,4O+_TO_45,14,14,11
11,2011,20+_TO_25,1,1,1
11,2011,20_OR_LESS,1,1,1
11,2011,25+_TO_30,100,427,29
11,2011,30+_TO_35,82,5358,25
11,2011,35+_TO_40,52,84,16
11,2011,45+_TO_50,1,1,1
11,2011,4O+_TO_45,52,165,11
11,2012,25+_TO_30,47,159,18
11,2012,30+_TO_35,78,257,26
11,2012,35+_TO_40,8,12,6
11,2012,4O+_TO_45,3,9,3
11,2013,20+_TO_25,2,17,2
11,2013,25+_TO_30,40,149,19
11,2013,30+_TO_35,62,227,26
11,2013,35+_TO_40,26,35,9
11,2013,4O+_TO_45,3,3,3
11,2014,25+_TO_30,62,1007,25
11,2014,30+_TO_35,63,358,19
11,2014,35+_TO_40,22,30,10
11,2014,4O+_TO_45,11,13,7
11,2015,20+_TO_25,4,12,4
11,2015,20_OR_LESS,2,35,2
11,2015,25+_TO_30,109,10678,25
11,2015,30+_TO_35,144,423,26
11,2015,35+_TO_40,98,180,21
11,2015,4O+_TO_45,83,102,14
11,2016,20+_TO_25,7,137,5
11,2016,20_OR_LESS,1,1,1
11,2016,25+_TO_30,86,840,25
11,2016,30+_TO_35,305,1652,29
11,2016,35+_TO_40,162,310,25
11,2016,45+_TO_50,6,8,6
11,2016,4O+_TO_45,113,166,15
11,2017,20+_TO_25,6,30,6
11,2017,20_OR_LESS,2,6,2
11,2017,25+_TO_30,99,316,29
11,2017,30+_TO_35,229,1978,27
11,2017,35+_TO_40,104,313,24
11,2017,45+_TO_50,1,1,1
11,2017,4O+_TO_45,94,186,14
11,2018,20+_TO_25,5,35,4
11,2018,20_OR_LESS,2,5,2
11,2018,25+_TO_30,89,645,27
11,2018,30+_TO_35,279,1495,28
11,2018,35+_TO_40,73,178,13
11,2018,45+_TO_50,1,24,1
11,2018,4O+_TO_45,19,22,8
11,2019,20+_TO_25,2,3,2
11,2019,20_OR_LESS,2,2,2
11,2019,25+_TO_30,88,412,28
11,2019,30+_TO_35,124,502,27
11,2019,35+_TO_40,44,109,15
11,2019,45+_TO_50,1,1,1
11,2019,4O+_TO_45,11,13,6
11,2020,20_OR_LESS,4,4,3
11,2020,25+_TO_30,92,529,27
11,2020,30+_TO_35,207,509,29
11,2020,35+_TO_40,144,291,23
11,2020,4O+_TO_45,53,121,14
12,1996,25+_TO_30,1,1,1
12,1996,30+_TO_35,1,1,1
12,1997,25+_TO_30,1,1,1
12,1997,30+_TO_35,1,1,1
12,1997,35+_TO_40,1,1,1
12,1998,25+_TO_30,5,5,5
12,1998,4O+_TO_45,1,1,1
12,2000,25+_TO_30,1,1,1
12,2001,25+_TO_30,2,2,2
12,2008,20_OR_LESS,1,1,1
12,2008,25+_TO_30,1,1,1
12,2009,20_OR_LESS,1,1,1
12,2009,35+_TO_40,6,6,3
12,2010,20_OR_LESS,2,2,1
12,2010,25+_TO_30,9,9,6
12,2010,30+_TO_35,7,7,5
12,2010,35+_TO_40,4,4,3
12,2011,20_OR_LESS,1,1,1
12,2011,25+_TO_30,27,1629,18
12,2011,30+_TO_35,11,25,9
12,2011,35+_TO_40,4,1475,3
12,2012,20_OR_LESS,2,2,2
12,2012,25+_TO_30,10,22,7
12,2012,30+_TO_35,13,56,8
12,2012,35+_TO_40,4,7502,2
12,2013,20_OR_LESS,2,2,2
12,2013,25+_TO_30,11,14,10
12,2013,30+_TO_35,15,29,10
12,2013,35+_TO_40,1,1,1
12,2014,20+_TO_25,2,18,2
12,2014,20_OR_LESS,1,1,1
12,2014,25+_TO_30,25,73,18
12,2014,30+_TO_35,19,107,14
12,2014,35+_TO_40,2,2,2
12,2015,20+_TO_25,1,1,1
12,2015,20_OR_LESS,1,1,1
12,2015,25+_TO_30,25,40,16
12,2015,30+_TO_35,30,46,19
12,2015,35+_TO_40,10,20011,6
12,2016,20+_TO_25,1,2,1
12,2016,20_OR_LESS,2,2,1
12,2016,25+_TO_30,31,84,18
12,2016,30+_TO_35,41,172,21
12,2016,35+_TO_40,2,7,1
12,2017,20+_TO_25,3,22,2
12,2017,20_OR_LESS,2,3,2
12,2017,25+_TO_30,36,69,18
12,2017,30+_TO_35,49,376,28
12,2017,35+_TO_40,17,23,14
12,2018,20+_TO_25,1,10,1
12,2018,25+_TO_30,21,54,11
12,2018,30+_TO_35,25,43,15
12,2018,35+_TO_40,1,1,1
12,2018,4O+_TO_45,1,2,1
12,2019,20_OR_LESS,1,1,1
12,2019,25+_TO_30,45,84,23
12,2019,30+_TO_35,25,60,18
12,2019,35+_TO_40,2,4,2
12,2020,20_OR_LESS,1,1,1
12,2020,25+_TO_30,206,372,30
12,2020,30+_TO_35,116,164,26
12,2020,35+_TO_40,7,9,6
